,accuracy_no_answer,hallucination_rate,avg_p_no_answer,ECE
entity_swap,0.8375,0.16249999999999998,0.8365974133979105,0.03129929878415798
natural_edit,0.8775,0.12250000000000005,0.8709260601924315,0.03015053097718931
negation,0.835,0.16500000000000004,0.8299747787249587,0.03716478172559211
original,0.83,0.17000000000000004,0.8339213525541961,0.032321612919131604
paraphrase,0.85,0.15000000000000002,0.8446563024406261,0.031744512290494124
